{"cameraMode":{"drawMode":0,"name":"Shaded","section":"Shading Mode"},"sceneLighting":true,"audioPlay":false,"sceneViewState":{"m_AlwaysRefresh":false,"showFog":true,"showSkybox":true,"showFlares":true,"showImageEffects":true,"showParticleSystems":true,"showVisualEffectGraphs":true,"m_FxEnabled":true},"in2DMode":false,"pivot":{"x":-78.98860168457031,"y":6.257393836975098,"z":-92.65296936035156},"rotation":{"x":0.019364729523658754,"y":0.4047982096672058,"z":-0.003771197982132435,"w":0.9160255789756775},"size":7.474104881286621,"orthographic":true}