{"cameraMode":{"drawMode":0,"name":"Shaded","section":"Shading Mode"},"sceneLighting":true,"audioPlay":false,"sceneViewState":{"m_AlwaysRefresh":false,"showFog":true,"showSkybox":true,"showFlares":true,"showImageEffects":true,"showParticleSystems":true,"showVisualEffectGraphs":true,"m_FxEnabled":true},"in2DMode":false,"pivot":{"x":298.467041015625,"y":381.937255859375,"z":16.69989013671875},"rotation":{"x":-0.030084524303674699,"y":-0.006119027733802795,"z":-0.004985422361642122,"w":-1.0011099576950074},"size":378.63739013671877,"orthographic":false}