{"cameraMode":{"drawMode":0,"name":"Shaded","section":"Shading Mode"},"sceneLighting":false,"audioPlay":false,"sceneViewState":{"m_AlwaysRefresh":false,"showFog":true,"showSkybox":false,"showFlares":true,"showImageEffects":true,"showParticleSystems":true,"showVisualEffectGraphs":true,"m_FxEnabled":true},"in2DMode":false,"pivot":{"x":-0.05238378047943115,"y":1.6057226657867432,"z":46.09461212158203},"rotation":{"x":-0.0710618793964386,"y":0.08792375028133393,"z":-0.006857922300696373,"w":-0.9941701889038086},"size":2.04891300201416,"orthographic":true}