{"cameraMode":{"drawMode":0,"name":"Shaded","section":"Shading Mode"},"sceneLighting":true,"audioPlay":false,"sceneViewState":{"m_AlwaysRefresh":false,"showFog":true,"showSkybox":true,"showFlares":true,"showImageEffects":true,"showParticleSystems":true,"showVisualEffectGraphs":true,"m_FxEnabled":true},"in2DMode":false,"pivot":{"x":-4.348721504211426,"y":13.119009017944336,"z":39.84422302246094},"rotation":{"x":0.21394723653793336,"y":-0.6064578890800476,"z":0.17549528181552888,"w":0.7475591897964478},"size":12.350225448608399,"orthographic":true}