{"cameraMode":{"drawMode":0,"name":"Shaded","section":"Shading Mode"},"sceneLighting":false,"audioPlay":false,"sceneViewState":{"m_AlwaysRefresh":false,"showFog":true,"showSkybox":false,"showFlares":true,"showImageEffects":true,"showParticleSystems":true,"showVisualEffectGraphs":true,"m_FxEnabled":true},"in2DMode":false,"pivot":{"x":0.0017386330291628838,"y":-0.0006410721689462662,"z":-0.00034385547041893005},"rotation":{"x":0.09759314358234406,"y":-0.17356657981872559,"z":0.021609338000416757,"w":0.9810075163841248},"size":0.10052984207868576,"orthographic":true}