{"cameraMode":{"drawMode":0,"name":"Shaded","section":"Shading Mode"},"sceneLighting":false,"audioPlay":false,"sceneViewState":{"m_AlwaysRefresh":false,"showFog":true,"showSkybox":false,"showFlares":true,"showImageEffects":true,"showParticleSystems":true,"showVisualEffectGraphs":true,"m_FxEnabled":true},"in2DMode":false,"pivot":{"x":0.0017386330291628838,"y":-0.0006410721689462662,"z":-0.00034385547041893005},"rotation":{"x":-0.0844721868634224,"y":0.08965806663036347,"z":-0.012025846168398857,"w":-0.9935805201530457},"size":0.10052984207868576,"orthographic":true}