{"cameraMode":{"drawMode":0,"name":"Shaded","section":"Shading Mode"},"sceneLighting":true,"audioPlay":false,"sceneViewState":{"m_AlwaysRefresh":false,"showFog":true,"showSkybox":true,"showFlares":true,"showImageEffects":true,"showParticleSystems":true,"showVisualEffectGraphs":true,"m_FxEnabled":true},"in2DMode":false,"pivot":{"x":-0.24558305740356446,"y":1.6700000762939454,"z":-6.284999847412109},"rotation":{"x":-0.10830142349004746,"y":0.28362682461738589,"z":-0.03086334653198719,"w":-0.952721893787384},"size":6.332682132720947,"orthographic":true}