{"cameraMode":{"drawMode":0,"name":"Shaded","section":"Shading Mode"},"sceneLighting":true,"audioPlay":false,"sceneViewState":{"m_AlwaysRefresh":false,"showFog":true,"showSkybox":true,"showFlares":true,"showImageEffects":true,"showParticleSystems":true,"showVisualEffectGraphs":true,"m_FxEnabled":true},"in2DMode":false,"pivot":{"x":-16.510417938232423,"y":-13.02155590057373,"z":35.819461822509769},"rotation":{"x":0.33385470509529116,"y":-0.3715265393257141,"z":0.16269199550151826,"w":0.854093074798584},"size":34.059749603271487,"orthographic":true}