{"cameraMode":{"drawMode":0,"name":"Shaded","section":"Shading Mode"},"sceneLighting":true,"audioPlay":false,"sceneViewState":{"m_AlwaysRefresh":false,"showFog":true,"showSkybox":true,"showFlares":true,"showImageEffects":true,"showParticleSystems":true,"showVisualEffectGraphs":true,"m_FxEnabled":true},"in2DMode":false,"pivot":{"x":-14.483827590942383,"y":21.301776885986329,"z":4.276634693145752},"rotation":{"x":0.2957639992237091,"y":0.4678066670894623,"z":-0.18689395487308503,"w":0.8133087158203125},"size":21.111494064331056,"orthographic":true}