{"cameraMode":{"drawMode":0,"name":"Shaded","section":"Shading Mode"},"sceneLighting":true,"audioPlay":false,"sceneViewState":{"m_AlwaysRefresh":false,"showFog":true,"showSkybox":true,"showFlares":true,"showImageEffects":true,"showParticleSystems":true,"showVisualEffectGraphs":true,"m_FxEnabled":true},"in2DMode":false,"pivot":{"x":0.3022957146167755,"y":1.5910015106201172,"z":-7.963350296020508},"rotation":{"x":0.15367105603218079,"y":-0.14587193727493287,"z":0.02300444431602955,"w":0.9771429896354675},"size":4.184751510620117,"orthographic":true}